Date,Health_Fitness
04.02.2019,42
05.02.2019,38
06.02.2019,19
07.02.2019,33
08.02.2019,24
09.02.2019,15
10.02.2019,11
11.02.2019,33
12.02.2019,35
13.02.2019,47
14.02.2019,26
15.02.2019,41
16.02.2019,23
17.02.2019,27
18.02.2019,51
19.02.2019,46
20.02.2019,29
21.02.2019,51
22.02.2019,34
23.02.2019,14
24.02.2019,21
25.02.2019,53
26.02.2019,54
27.02.2019,69
28.02.2019,60
01.03.2019,38
02.03.2019,17
03.03.2019,31
04.03.2019,52
05.03.2019,41
06.03.2019,12
07.03.2019,34
08.03.2019,30
09.03.2019,26
10.03.2019,35
11.03.2019,60
12.03.2019,49
13.03.2019,38
14.03.2019,62
15.03.2019,41
16.03.2019,32
17.03.2019,24
18.03.2019,50
19.03.2019,67
27.03.2019,94
28.03.2019,97
29.03.2019,106
30.03.2019,96
31.03.2019,73
01.04.2019,160
02.04.2019,138
03.04.2019,100
04.04.2019,146
05.04.2019,131
06.04.2019,141
07.04.2019,132
08.04.2019,172
09.04.2019,155
10.04.2019,108
11.04.2019,129
12.04.2019,111
13.04.2019,76
14.04.2019,67
15.04.2019,109
16.04.2019,103
17.04.2019,147
18.04.2019,184
19.04.2019,237
20.04.2019,217
21.04.2019,219
22.04.2019,169
23.04.2019,203
24.04.2019,175
25.04.2019,203
26.04.2019,226
27.04.2019,120
28.04.2019,143
29.04.2019,200
30.04.2019,216
01.05.2019,169
02.05.2019,128
03.05.2019,126
04.05.2019,110
05.05.2019,114
06.05.2019,199
07.05.2019,171
08.05.2019,168
09.05.2019,186
10.05.2019,169
11.05.2019,207
12.05.2019,131
13.05.2019,246
14.05.2019,209
15.05.2019,247
16.05.2019,212
17.05.2019,140
18.05.2019,216
19.05.2019,254
20.05.2019,275
21.05.2019,214
22.05.2019,190
23.05.2019,221
24.05.2019,199
25.05.2019,136
26.05.2019,151
27.05.2019,243
28.05.2019,210
29.05.2019,182
30.05.2019,134
31.05.2019,309
01.06.2019,214
02.06.2019,224
03.06.2019,357
04.06.2019,362
05.06.2019,402
06.06.2019,323
07.06.2019,262
08.06.2019,204
09.06.2019,222
10.06.2019,223
11.06.2019,326
12.06.2019,338
13.06.2019,388
14.06.2019,362
15.06.2019,194
16.06.2019,260
17.06.2019,406
18.06.2019,385
19.06.2019,416
20.06.2019,343
21.06.2019,324
22.06.2019,317
23.06.2019,279
24.06.2019,501
25.06.2019,528
26.06.2019,407
27.06.2019,323
28.06.2019,361
29.06.2019,356
30.06.2019,314
01.07.2019,245
02.07.2019,212
03.07.2019,167
04.07.2019,212
05.07.2019,223
06.07.2019,125
07.07.2019,164
08.07.2019,279
09.07.2019,318
10.07.2019,351
11.07.2019,390
12.07.2019,372
13.07.2019,287
14.07.2019,283
15.07.2019,322
16.07.2019,308
17.07.2019,317
18.07.2019,361
19.07.2019,304
20.07.2019,303
21.07.2019,242
22.07.2019,339
23.07.2019,424
24.07.2019,442
25.07.2019,413
26.07.2019,382
27.07.2019,281
28.07.2019,272
29.07.2019,375
30.07.2019,298
31.07.2019,203
01.08.2019,237
02.08.2019,298
03.08.2019,250
04.08.2019,225
05.08.2019,277
06.08.2019,218
07.08.2019,213
08.08.2019,181
09.08.2019,219
10.08.2019,184
11.08.2019,168
12.08.2019,205
13.08.2019,146
14.08.2019,166
15.08.2019,132
16.08.2019,163
17.08.2019,106
18.08.2019,98
19.08.2019,203
20.08.2019,168
21.08.2019,191
22.08.2019,218
23.08.2019,317
24.08.2019,264
25.08.2019,228
26.08.2019,243
27.08.2019,203
28.08.2019,192
29.08.2019,202
30.08.2019,206
31.08.2019,160
01.09.2019,110
02.09.2019,115
03.09.2019,97
04.09.2019,97
05.09.2019,80
06.09.2019,77
07.09.2019,112
08.09.2019,95
09.09.2019,69
10.09.2019,60
11.09.2019,78
12.09.2019,68
13.09.2019,104
14.09.2019,93
15.09.2019,52
16.09.2019,77
17.09.2019,58
18.09.2019,60
19.09.2019,70
20.09.2019,78
21.09.2019,98
22.09.2019,95
23.09.2019,49
24.09.2019,48
25.09.2019,50
26.09.2019,52
27.09.2019,55
28.09.2019,50
29.09.2019,26
30.09.2019,35
01.10.2019,40
02.10.2019,40
03.10.2019,48
04.10.2019,39
05.10.2019,42
06.10.2019,43
07.10.2019,42
08.10.2019,44
09.10.2019,45
10.10.2019,55
11.10.2019,36
12.10.2019,42
13.10.2019,40
14.10.2019,43
15.10.2019,48
16.10.2019,29
17.10.2019,24
18.10.2019,37
19.10.2019,28
20.10.2019,20
21.10.2019,37
22.10.2019,33
23.10.2019,29
24.10.2019,31
25.10.2019,37
26.10.2019,16
27.10.2019,25
28.10.2019,34
29.10.2019,22
30.10.2019,28
31.10.2019,19
01.11.2019,21
03.11.2019,30
04.11.2019,29
05.11.2019,16
06.11.2019,19
07.11.2019,18
08.11.2019,28
09.11.2019,16
11.11.2019,21
12.11.2019,13
13.11.2019,21
14.11.2019,24
15.11.2019,12
17.11.2019,10
18.11.2019,20
19.11.2019,20
20.11.2019,15
21.11.2019,16
22.11.2019,25
23.11.2019,12
24.11.2019,16
25.11.2019,22
26.11.2019,19
27.11.2019,17
28.11.2019,21