Date,Search_Brand
04.02.2019,0
05.02.2019,0
06.02.2019,0
07.02.2019,0
08.02.2019,0
09.02.2019,0
10.02.2019,0
11.02.2019,0
12.02.2019,0
13.02.2019,0
14.02.2019,0
15.02.2019,0
16.02.2019,0
17.02.2019,0
18.02.2019,0
19.02.2019,0
20.02.2019,0
21.02.2019,0
22.02.2019,0
23.02.2019,0
24.02.2019,0
25.02.2019,0
26.02.2019,0
27.02.2019,0
28.02.2019,0
01.03.2019,0
02.03.2019,0
03.03.2019,0
04.03.2019,0
05.03.2019,0
06.03.2019,0
07.03.2019,0
08.03.2019,0
09.03.2019,0
10.03.2019,0
11.03.2019,0
12.03.2019,0
13.03.2019,0
14.03.2019,0
15.03.2019,0
16.03.2019,0
17.03.2019,0
18.03.2019,0
19.03.2019,0
20.03.2019,0
21.03.2019,0
22.03.2019,0
23.03.2019,0
24.03.2019,0
25.03.2019,0
26.03.2019,0
27.03.2019,0
28.03.2019,0
29.03.2019,0
30.03.2019,0
31.03.2019,0
01.04.2019,0
02.04.2019,0
03.04.2019,0
04.04.2019,0
05.04.2019,0
06.04.2019,0
07.04.2019,0
08.04.2019,0
09.04.2019,0
10.04.2019,0
11.04.2019,0
12.04.2019,0
13.04.2019,0
14.04.2019,0
15.04.2019,0
16.04.2019,0
17.04.2019,0
18.04.2019,0
19.04.2019,0
20.04.2019,0
21.04.2019,0
22.04.2019,0
23.04.2019,0
24.04.2019,0
25.04.2019,0
26.04.2019,0
27.04.2019,0
28.04.2019,0
29.04.2019,0
30.04.2019,0
01.05.2019,0
02.05.2019,29
03.05.2019,47
04.05.2019,50
05.05.2019,64
06.05.2019,76
07.05.2019,91
08.05.2019,99
09.05.2019,113
10.05.2019,176
11.05.2019,274
12.05.2019,256
13.05.2019,231
14.05.2019,278
15.05.2019,269
16.05.2019,255
17.05.2019,190
18.05.2019,385
19.05.2019,338
20.05.2019,329
21.05.2019,253
22.05.2019,218
23.05.2019,183
24.05.2019,173
25.05.2019,208
26.05.2019,193
27.05.2019,150
28.05.2019,112
29.05.2019,108
30.05.2019,138
31.05.2019,156
01.06.2019,170
02.06.2019,181
03.06.2019,234
04.06.2019,210
05.06.2019,189
06.06.2019,158
07.06.2019,155
08.06.2019,250
09.06.2019,295
10.06.2019,213
11.06.2019,198
12.06.2019,212
13.06.2019,235
14.06.2019,249
15.06.2019,253
16.06.2019,256
17.06.2019,256
18.06.2019,310
19.06.2019,158
20.06.2019,288
21.06.2019,292
22.06.2019,165
23.06.2019,225
24.06.2019,384
25.06.2019,232
26.06.2019,453
27.06.2019,216
28.06.2019,306
29.06.2019,552
30.06.2019,541
01.07.2019,253
02.07.2019,213
03.07.2019,144
04.07.2019,220
05.07.2019,177
06.07.2019,194
07.07.2019,256
08.07.2019,268
09.07.2019,392
10.07.2019,374
11.07.2019,353
12.07.2019,371
13.07.2019,504
14.07.2019,421
15.07.2019,402
16.07.2019,384
17.07.2019,352
18.07.2019,446
19.07.2019,273
20.07.2019,288
21.07.2019,286
22.07.2019,375
23.07.2019,334
24.07.2019,546
25.07.2019,475
26.07.2019,458
27.07.2019,406
28.07.2019,425
29.07.2019,475
30.07.2019,416
31.07.2019,262
01.08.2019,273
02.08.2019,307
03.08.2019,347
04.08.2019,228
05.08.2019,343
06.08.2019,226
07.08.2019,333
08.08.2019,332
09.08.2019,292
10.08.2019,355
11.08.2019,264
12.08.2019,220
13.08.2019,202
14.08.2019,216
15.08.2019,198
16.08.2019,208
17.08.2019,183
18.08.2019,192
19.08.2019,247
20.08.2019,250
21.08.2019,207
22.08.2019,242
23.08.2019,236
24.08.2019,154
25.08.2019,43
26.08.2019,31
27.08.2019,22
28.08.2019,12
29.08.2019,13
30.08.2019,7
31.08.2019,8
01.09.2019,13
02.09.2019,8
03.09.2019,67
04.09.2019,93
05.09.2019,89
06.09.2019,106
07.09.2019,210
08.09.2019,140
09.09.2019,82
10.09.2019,63
11.09.2019,84
12.09.2019,70
13.09.2019,115
14.09.2019,187
15.09.2019,48
16.09.2019,76
17.09.2019,46
18.09.2019,68
19.09.2019,70
20.09.2019,89
21.09.2019,197
22.09.2019,169
23.09.2019,52
24.09.2019,40
25.09.2019,41
26.09.2019,49
27.09.2019,47
28.09.2019,71
29.09.2019,31
30.09.2019,35
01.10.2019,30
02.10.2019,85
03.10.2019,57
04.10.2019,57
05.10.2019,66
06.10.2019,61
07.10.2019,42
08.10.2019,29
09.10.2019,24
10.10.2019,56
11.10.2019,21
12.10.2019,52
13.10.2019,63
14.10.2019,43
15.10.2019,56
16.10.2019,41
17.10.2019,29
18.10.2019,41
19.10.2019,30
20.10.2019,35
21.10.2019,25
22.10.2019,24
23.10.2019,31
24.10.2019,29
25.10.2019,29
26.10.2019,15
27.10.2019,39
28.10.2019,15
29.10.2019,30
30.10.2019,25
31.10.2019,15
01.11.2019,11
02.11.2019,17
03.11.2019,22
04.11.2019,21
05.11.2019,18
06.11.2019,20
07.11.2019,22
08.11.2019,23
09.11.2019,16
10.11.2019,12
11.11.2019,12
12.11.2019,20
13.11.2019,18
14.11.2019,22
15.11.2019,21
16.11.2019,15
17.11.2019,13
18.11.2019,26
19.11.2019,29
20.11.2019,21
21.11.2019,16
22.11.2019,11
23.11.2019,8
24.11.2019,14
25.11.2019,14
26.11.2019,23
27.11.2019,11